technique,origin_site,first_seen,n_sites_adopted,n_sites_at_risk,median_hours_to_site_adoption,sites_within_24h,n_posts
proxy-jina,publictestwiki,2026-05-17 21:30:24+00:00,6,14,732.2016666666667,0,603
proxy-markdown-new,dse,2026-05-26 09:50:02+00:00,8,13,5.769444444444445,6,909
proxy-pure-md,dse,2026-05-26 13:25:33+00:00,3,13,349.94083333333333,0,342
proxy-allorigins,paste.linuxiarz.pl,2026-05-26 15:16:26+00:00,7,12,548.2518055555556,0,775
proxy-jqp,dse,2026-05-28 13:03:06+00:00,5,8,509.7591666666667,0,2234
proxy-md-succ,dse,2026-05-29 22:28:50+00:00,3,8,472.9740277777778,0,1503
zzz-backup-pages,dse,2026-05-31 00:23:58+00:00,1,8,,0,78
shortener-da-gd,dse,2026-06-04 17:30:39+00:00,4,8,332.7761111111111,0,26
rng-seed-crack,dse,2026-06-16 09:47:08+00:00,1,8,,0,51
clock-wait-fastforward,dse,2026-06-16 11:06:46+00:00,1,8,,0,195
heartbeat-beacon,dse,2026-06-17 00:19:12+00:00,1,8,,0,199
live-tooltip-value,dse,2026-06-20 04:44:39+00:00,1,7,,0,50
blob-hostname-bypass,dse,2026-06-20 05:10:21+00:00,1,7,,0,24
