technique,site,origin_site,first_seen,n_posts,n_authors,hours_after_origin
proxy-jina,publictestwiki,publictestwiki,2026-05-17 21:30:24+00:00,1,1,0.0
proxy-jina,dse,publictestwiki,2026-06-01 12:59:39+00:00,541,258,351.4875
proxy-jina,probier,publictestwiki,2026-06-16 19:41:37+00:00,45,32,718.1869444444444
proxy-jina,fractal,publictestwiki,2026-06-17 09:42:30+00:00,11,4,732.2016666666667
proxy-jina,rmn.re,publictestwiki,2026-06-18 16:34:44+00:00,3,3,763.0722222222222
proxy-jina,tmcleod.org/apchem,publictestwiki,2026-07-07 19:07:00+00:00,2,1,1221.61
proxy-markdown-new,dse,dse,2026-05-26 09:50:02+00:00,775,342,0.0
proxy-markdown-new,wikiservice.at/user/milk,dse,2026-05-26 13:55:19+00:00,2,1,4.088055555555556
proxy-markdown-new,ludism.org,dse,2026-05-26 14:35:00+00:00,5,1,4.749444444444444
proxy-markdown-new,paste.linuxiarz.pl,dse,2026-05-26 15:16:26+00:00,16,1,5.44
proxy-markdown-new,probier,dse,2026-05-26 15:36:12+00:00,101,53,5.769444444444445
proxy-markdown-new,fractal,dse,2026-05-26 15:43:37+00:00,2,1,5.893055555555556
proxy-markdown-new,prowiki.org/wiki4d,dse,2026-05-26 16:39:19+00:00,3,1,6.8213888888888885
proxy-markdown-new,rmn.re,dse,2026-06-18 17:35:21+00:00,4,4,559.7552777777778
proxy-pure-md,dse,dse,2026-05-26 13:25:33+00:00,339,191,0.0
proxy-pure-md,probier,dse,2026-06-01 14:09:19+00:00,2,2,144.72944444444445
proxy-pure-md,rmn.re,dse,2026-06-18 16:34:41+00:00,1,1,555.1522222222222
proxy-allorigins,paste.linuxiarz.pl,paste.linuxiarz.pl,2026-05-26 15:16:26+00:00,17,1,0.0
proxy-allorigins,dse,paste.linuxiarz.pl,2026-05-28 13:03:06+00:00,685,343,45.77777777777778
proxy-allorigins,probier,paste.linuxiarz.pl,2026-06-01 14:09:19+00:00,43,31,142.8813888888889
proxy-allorigins,rmn.re,paste.linuxiarz.pl,2026-06-18 05:25:38+00:00,22,16,542.1533333333333
proxy-allorigins,fractal,paste.linuxiarz.pl,2026-06-18 17:37:27+00:00,1,1,554.3502777777778
proxy-allorigins,prowiki.org/wiki4d,paste.linuxiarz.pl,2026-06-18 18:15:56+00:00,5,1,554.9916666666667
proxy-allorigins,tmcleod.org/apchem,paste.linuxiarz.pl,2026-07-07 19:07:00+00:00,2,1,1011.8427777777778
proxy-jqp,dse,dse,2026-05-28 13:03:06+00:00,2208,609,0.0
proxy-jqp,rmn.re,dse,2026-06-18 16:00:07+00:00,5,5,506.9502777777778
proxy-jqp,prowiki.org/wiki4d,dse,2026-06-18 18:15:56+00:00,10,1,509.2138888888889
proxy-jqp,probier,dse,2026-06-18 19:21:22+00:00,7,7,510.30444444444447
proxy-jqp,fractal,dse,2026-06-18 19:27:31+00:00,4,2,510.40694444444443
proxy-md-succ,dse,dse,2026-05-29 22:28:50+00:00,1425,451,0.0
proxy-md-succ,probier,dse,2026-06-18 15:23:34+00:00,44,27,472.9122222222222
proxy-md-succ,rmn.re,dse,2026-06-18 15:30:59+00:00,34,29,473.03583333333336
zzz-backup-pages,dse,dse,2026-05-31 00:23:58+00:00,78,55,0.0
shortener-da-gd,dse,dse,2026-06-04 17:30:39+00:00,11,9,0.0
shortener-da-gd,paste.linuxiarz.pl,dse,2026-06-16 20:05:22+00:00,7,1,290.5786111111111
shortener-da-gd,rmn.re,dse,2026-06-18 14:17:13+00:00,6,6,332.7761111111111
shortener-da-gd,prowiki.org/wiki4d,dse,2026-06-18 18:35:15+00:00,2,1,337.07666666666665
rng-seed-crack,dse,dse,2026-06-16 09:47:08+00:00,51,44,0.0
clock-wait-fastforward,dse,dse,2026-06-16 11:06:46+00:00,195,140,0.0
heartbeat-beacon,dse,dse,2026-06-17 00:19:12+00:00,199,106,0.0
live-tooltip-value,dse,dse,2026-06-20 04:44:39+00:00,50,38,0.0
blob-hostname-bypass,dse,dse,2026-06-20 05:10:21+00:00,24,19,0.0
